{"128": [0.0010117594401041667, 0.0, 0.0, 0.0, 0.0, 0.0, 0.0, 0.0, 0.0, 0.0, 0.005165201822916667], "16": [0.00051025390625, 0.0021089680989583334, 0.00080810546875, 0.0022336832682291665, 0.0, 0.0013389078776041667, 0.0020048014322916665, 0.0006632486979166667, 0.00073486328125, 0.000821533203125, 0.00074951171875, 0.007984822591145833, 0.0018088785807291667, 0.0010028076171875], "256": [0.0, 0.0, 0.0, 0.06979166666666667, 0.003406982421875, 0.0, 0.0, 0.0, 0.0, 0.0], "32": [0.00195068359375, 0.0029815673828125, 0.0, 0.0012939453125, 0.0012213134765625, 0.0016400146484375, 0.000416259765625, 0.0008591715494791666, 0.0, 0.0], "4": [0.0, 0.0, 0.0011960856119791667, 0.0079998779296875, 0.0022141520182291665, 0.0007411702473958333, 0.001957600911458333, 0.0, 0.00199462890625, 0.004092814127604167, 0.0], "64": [0.0011177571614583333, 0.0023130289713541668, 0.0, 0.0, 0.0, 0.0, 0.0, 0.0, 0.0, 0.0017740885416666667], "8": [0.0020650227864583335, 0.004205322265625, 0.0021199544270833334, 0.0032076009114583334, 0.00637939453125, 0.0023746744791666666, 0.0, 0.0014605712890625, 0.0013761393229166667, 0.0017976888020833333]}